id,firstName,lastName,Gender,Years,salary
1,Ricca,OCriane,F,32,26809.126
2,Kippy,Dugan,F,64,27615.773
3,Zackariah,Etches,M,64,15742.58
4,Katrine,Volet,F,41,84246.958
5,Darice,Garrettson,F,52,58427.637
6,Tamiko,Coit,F,60,2296.412
7,Dominga,Hayto,F,41,23373.266
8,Arlan,Tangye,M,74,21829.322
9,Courtnay,Cary,F,38,36995.782
10,Jonas,Kinset,M,48,28839.523
11,Bearnard,Challes,M,9,50265.603
12,Dorian,Henkmann,F,36,51604.873
13,Carmel,Kitcat,F,71,37463.385
14,Sidoney,Matthius,F,57,77450.852
15,Bron,Collinwood,M,78,60398.386
16,Melinda,MacNeice,F,33,60952.406
17,Dukie,Brent,M,16,71933.191
18,Nobe,Trolley,M,74,16450.167
19,Shepperd,McLoney,M,49,4164.419
20,Alexi,Roller,F,1,46118.92
21,Ethelbert,Fennell,M,25,36785.415
22,Ryley,Frail,M,65,31839.455
23,Carlynn,Buffham,F,38,88250.32
24,Licha,Huckell,F,41,81709.528
25,Ramon,Cowperthwaite,M,43,37564.328
26,Adan,Budgett,F,1,27559.807
27,Anjanette,Roberto,F,13,71441.098
28,Juanita,Barzen,F,64,88940.371
29,Marne,Ratcliff,F,80,13372.6
30,Fitzgerald,Scarlett,M,51,38629.762
31,Towney,Eastway,M,72,28626.701
32,Amos,Lockhurst,M,16,84109.084
33,Kenton,Karby,M,74,53529.86
34,Dorelia,Petrashov,F,20,43694.656
35,Leeland,Pardoe,M,16,29281.166
36,Corbett,Longwood,M,39,45928.295
37,Jamal,Bassingham,M,22,54201.812
38,Galvin,Rowbotham,M,35,29897.094
39,Marcie,Phipard-Shears,F,44,13548.521
40,Sansone,Scolland,M,35,77213.615
41,Lawry,Rickarsey,M,57,44664.556
42,Griz,Hussell,M,50,42488.396
43,Aguistin,Mancer,M,12,34274.031
44,Mitchael,Limpkin,M,24,66532.005
45,Natalee,Ogelbe,F,41,48619.73
46,Griswold,Moat,M,2,69473.772
47,Pattin,McNabb,M,1,29385.543
48,Viviene,Skerritt,F,6,88895.716
49,Ninette,Baal,F,7,27292.1
50,Markus,Findlow,M,72,83057.047
51,Gannon,Fursey,M,62,32139.684
52,Shamus,Marzelli,M,44,33519.036
53,Niki,Baff,M,20,6685.823
54,Becky,Bruffell,F,41,23456.875
55,Nicolea,Gorvette,F,64,78223.403
56,Andre,Farquar,M,41,67132.869
57,Giulietta,Baltrushaitis,F,10,40472.034
58,Avery,Durman,M,80,35476.828
59,Lyon,Covendon,M,44,71941.655
60,Dorena,Birckmann,F,18,28131.759
61,Marsiella,Dedrick,F,46,83390.049
62,Duffy,Laverack,M,27,38639.921
63,Shelden,Hustler,M,37,8559.18
64,Godfry,Slatten,M,28,71590.811
65,Merell,Mealham,M,34,24339.402
66,Myra,Ambrozewicz,F,61,74105.499
67,Nissie,Brewett,F,54,48823.239
68,Cleopatra,Cridlon,F,75,84539.114
69,Judon,Sciacovelli,M,66,30774.577
70,Janith,Doyland,F,60,20850.684
71,Andree,Calver,F,75,15530.551
72,Berne,Ablett,M,69,15579.428
73,Teodoor,Leverton,M,44,25961.251
74,Jessie,MacCaughen,F,46,82764.775
75,Glynnis,O'Lyhane,F,77,27646.409
76,Rayshell,Allworthy,F,68,80877.069
77,Merv,Quakley,M,49,9889.678
78,Bettye,Oaten,F,54,75841.679
79,Bendick,Keeting,M,40,78933.744
80,Cristie,Rainton,F,5,35151.342
81,Raf,Ewart,F,36,31869.434
82,Jehanna,Hasell,F,56,41739.737
83,Daniella,Donisi,F,10,82898.477
84,Robina,Cogdon,F,11,61474.06
85,Janaye,Barcroft,F,38,37456.646
86,Jeana,Hadenton,F,38,18351.277
87,Cally,Parlott,F,15,83072.831
88,Martie,Vedyasov,F,63,78327.831
89,Martin,Ogg,M,42,23578.996
90,Ced,Teissier,M,57,60577.056
91,Jamil,Boyles,M,33,24722.591
92,Elfie,Condit,F,33,83170.985
93,Marie-ann,Greenhough,F,75,22491.445
94,Adrea,Rickerby,F,39,51486.945
95,Dorris,Divall,F,8,87444.703
96,Ingra,Bartoszewski,M,76,60547.71
97,Amberly,O'Lenane,F,61,23270.421
98,Ophelie,McGilvary,F,58,76535.698
99,Terrel,Hayth,M,54,27469.038
100,Elfie,D'Cruze,F,51,16279.194
101,Lauraine,Caldero,F,22,37705.003
102,Baxie,Ewell,M,32,86806.103
103,Zebedee,Gauntlett,M,11,56037.066
104,Earvin,Sprasen,M,37,43532.861
105,Kelcie,Cogley,F,78,29402.842
106,Bunnie,MacCrosson,F,64,30197.874
107,Josias,Hince,M,5,31675.477
108,Langsdon,Lunge,M,28,76105.86
109,Itch,Stellino,M,17,76733.569
110,Siobhan,Mehew,F,53,70502.398
111,Verne,Shoebridge,M,49,47621.505
112,Horatio,ducarme,M,26,83495.288
113,Mitzi,Paolacci,F,49,36936.069
114,Dallon,Crispe,M,75,6538.758
115,Ailyn,Sargeant,F,16,80244.562
116,Ursuline,Pallister,F,32,38179.454
117,Merna,Meineken,F,60,38219.914
118,Elsworth,Tansill,M,23,68578.511
119,Lesley,Midson,M,78,49099.358
120,Arney,Diben,M,77,86539.537
121,Sheffield,Zelner,M,12,9283.347
122,Silvano,Wakeley,M,1,63742.289
123,Dwight,Kahler,M,44,82752.507
124,Timi,Tomaello,F,58,89840.197
125,Zeke,Segeswoeth,M,34,19608.855
126,Arri,Bartholomew,M,14,7308.535
127,Dianne,Elner,F,80,87938.363
128,Marielle,Matthai,F,49,89382.8
129,Martino,Sickling,M,72,49268.21
130,Chucho,McGrudder,M,71,6044.16
131,Laurianne,Breeder,F,23,38787.178
132,Pooh,Boote,M,4,20366.444
133,Moore,Vasilenko,M,57,23997.04
134,Dorothee,Gullifant,F,31,38416.841
135,Irvin,Weekes,M,40,71708.515
136,Gallagher,Tombleson,M,10,49330.753
137,Joane,Britt,F,18,41843.753
138,Ermina,Scarsbrick,F,17,33446.726
139,Allene,Quirke,F,39,31749.381
140,Milli,Middleton,F,54,50524.248
141,Terrance,Gladman,M,75,60249.456
142,Raviv,Ruckert,M,59,82430.98
143,Arlie,Pascall,F,64,66171.352
144,Benn,Shildrick,M,54,26637.864
145,Hanan,Slogrove,M,30,57722.592
146,Borden,Teale,M,79,83925.392
147,Melanie,Costy,F,53,14019.245
148,Jacquelin,Hehl,F,72,76885.625
149,Weider,Netherwood,M,59,20108.83
150,Alfons,Adenot,M,73,11511.644
151,Fowler,Blamires,M,6,63114.499
152,Guss,Domico,M,64,1755.418
153,Imogen,Boxe,F,78,12079.305
154,Eberto,Corr,M,65,19960.313
155,Roarke,Tuckey,M,55,72882.044
156,Mildrid,Caslett,F,75,6102.073
157,Eal,Finder,M,74,44820.386
158,Bryant,Tattersfield,M,43,18860.452
159,Mandel,Brager,M,49,3985.063
160,Lenee,McNeachtain,F,33,32651.12
161,Elizabeth,O'Shavlan,F,25,41475.49
162,Nicol,Pedrozzi,F,3,14525.415
163,Sadella,Dearness,F,78,13649.111
164,Lazare,Alywin,M,71,23037.602
165,Ozzie,Domokos,M,61,21280.563
166,Halsy,Bartens,M,43,49129.512
167,Bartram,Paraman,M,36,19037.657
168,Erik,Hinge,M,69,87893.92
169,Gilles,Cloute,M,77,51448.655
170,Frasco,Webb-Bowen,M,63,6104.005
171,Faun,Le Gassick,F,13,75874.901
172,Camey,Barradell,M,45,52809.673
173,Gertie,Grishanov,F,8,8009.98
174,Ariana,Strippel,F,70,17203.002
175,Norene,Orys,F,36,88800.699
176,Edith,Pantling,F,49,18198.029
177,Kippar,France,M,55,42664.325
178,Jamie,Graith,M,13,38133.228
179,Mack,Kohrsen,M,73,81012.614
180,Iormina,Winscum,F,6,28241.748
181,Shoshanna,Zapater,F,20,57619.693
182,Joby,Janout,F,3,82088.308
183,Drud,Gulberg,M,52,75690.245
184,Leila,Raigatt,F,54,27098.281
185,Noland,Jessen,M,54,5591.633
186,Nerty,Lafoy,F,18,80734.852
187,Kristopher,Houlden,M,75,64691.78
188,Abbie,Koschke,F,8,82569.148
189,Myrvyn,Whiskin,M,78,51233.664
190,Nickie,Bowell,F,51,44750.976
191,Jesse,Lune,F,60,41227.59
192,Susette,Pirrone,F,52,54698.324
193,Shelden,Luebbert,M,11,74035.044
194,Vladimir,Alvarez,M,75,3425.689
195,Idette,Egdal,F,66,66867.437
196,Rooney,Ledwich,M,19,10166.226
197,Danie,Malacrida,M,69,46902.12
198,Dougy,Wawer,M,42,22945.523
199,Karissa,Camlin,F,4,51976.053
200,Lorettalorna,Gyrgorcewicx,F,37,1471.851
201,Franny,Apdell,M,6,65824.626
202,Wylma,Caverhill,F,7,56981.928
203,Ambrose,Bream,M,14,85194.033
204,Teodorico,Cathrall,M,51,82350.399
205,Toiboid,Sporgeon,M,48,64116.284
206,Giacobo,Garham,M,68,62010.28
207,Carilyn,Cracknell,F,4,15727.959
208,Liam,Locks,M,79,507.782
209,Robinett,Brice,F,20,28795.568
210,Gretta,Breton,F,47,1485.491
211,Haley,Kelsow,F,66,52204.519
212,Nona,Branno,F,44,57200.814
213,Tanner,Lowrie,M,47,15384.17
214,Antonin,Hitzschke,M,56,52832.775
215,Garnette,Zukerman,F,46,87746.064
216,Reagan,Cowerd,M,40,39495.741
217,Les,Marcombe,M,62,17395.018
218,Friedrich,Dyte,M,47,67834.056
219,Bliss,Van der Kruis,F,30,44695.454
220,Robenia,Rowbottom,F,7,42661.689
221,Hana,Clawson,F,63,10815.736
222,Burg,Whitewood,M,37,88715.048
223,Catha,Cardoso,F,57,49163.483
224,Eddie,Lill,M,50,72276.93
225,Iormina,Frostdyke,F,29,86919.377
226,Odele,Robelin,F,20,52456.141
227,Joane,Kennally,F,49,67879.978
228,Reed,Croke,M,23,85345.853
229,Petronella,Linney,F,41,3915.379
230,Casandra,Rouf,F,71,18020.926
231,Eugenio,Spracklin,M,63,54902.375
232,Fayette,Baughan,F,31,19029.155
233,Georg,Durbin,M,9,37718.221
234,Xerxes,Pengelly,M,15,27431.895
235,Dan,Sainthill,M,37,76773.516
236,Ruddie,Alejandre,M,13,66697.088
237,Rriocard,Wallbridge,M,4,17046.468
238,Hernando,Muddimer,M,24,8044.066
239,Roscoe,Heskey,M,31,21939.062
240,Yardley,Chezier,M,30,11184.09
241,Estell,Wagon,F,42,80761.0
242,Coretta,Kach,F,29,9210.826
243,Art,Ambler,M,68,64251.38
244,Penny,Mulheron,F,16,57895.345
245,Josepha,Szymanzyk,F,11,89968.411
246,Beaufort,Beevens,M,75,78159.026
247,Elisa,Carle,F,79,24794.278
248,Daryn,Frugier,F,22,16136.382
249,Kerwin,Matthius,M,71,30507.174
250,Griswold,Espley,M,57,35308.464
251,Teriann,Plampin,F,22,22135.216
252,Nicky,Cahill,M,64,37558.737
253,Hilarius,Redemile,M,24,74924.653
254,Annaliese,Challicombe,F,7,86994.685
255,Wainwright,Bacup,M,74,20256.007
256,Finn,Mogey,M,10,18294.441
257,Kristofor,Dikles,M,65,17117.929
258,Gertie,Cathenod,F,56,29910.342
259,Abbie,Gerrill,F,39,40102.191
260,Anne-corinne,Agus,F,36,58120.126
261,Karlik,O' Borne,M,7,22910.323
262,Atalanta,Woolmington,F,80,63653.725
263,Kerwin,Deaton,M,57,76451.261
264,Kiel,Renshall,M,49,55966.138
265,Berti,Syplus,F,25,78002.245
266,Luci,Pays,F,14,36362.406
267,Erin,De Angelo,F,58,38018.352
268,Konstance,L'Archer,F,46,19664.143
269,Dode,Warry,F,8,15967.243
270,Leodora,Kintzel,F,39,43346.488
271,Karlen,Garrow,F,10,49657.882
272,Brandice,Sennett,F,16,8914.119
273,Ianthe,Randles,F,27,57356.773
274,Ellerey,Bantock,M,4,23488.924
275,Farleigh,Duff,M,22,44431.613
276,Petrina,Killock,F,76,54645.598
277,Lucky,Duckers,F,57,55319.687
278,King,Lunney,M,42,15432.505
279,Curt,Rymell,M,55,25454.529
280,Leah,McNickle,F,79,77956.054
281,Derwin,MacKaile,M,46,80636.627
282,Anselma,Coward,F,13,35210.481
283,Ichabod,O'Cannavan,M,34,85180.794
284,Ramsey,Castellet,M,24,60333.299
285,Zak,Dobby,M,68,3725.29
286,Sterne,Fellini,M,44,78447.129
287,Ely,Rumming,M,25,56337.574
288,Christoffer,Screech,M,43,19123.72
289,Dehlia,McKeurton,F,68,31373.405
290,Freddi,Sillick,F,60,43169.884
291,Gun,Venners,M,73,26725.712
292,Crystal,Aizikov,F,37,88267.884
293,Derrick,Bandy,M,47,67586.921
294,Erika,Bye,F,48,44462.033
295,Joelly,Favey,F,33,1020.379
296,Torrie,Cronshaw,F,12,67572.027
297,Marya,Roussel,F,24,70391.523
298,Desmond,Robertz,M,20,46684.568
299,Husain,Plowman,M,58,74601.007
300,Camella,Bahlmann,F,51,68016.997
301,Isabelita,Joriot,F,11,42911.779
302,Krissie,Rois,F,62,82425.552
303,Marline,Jennings,F,69,52329.352
304,Pamella,Hursthouse,F,48,2823.949
305,Niko,Rubel,M,17,6120.775
306,Morse,Shivlin,M,60,24460.011
307,Clarita,Bonin,F,75,58474.466
308,Corabel,Denial,F,73,74226.641
309,Ailis,Norree,F,16,26371.468
310,Alison,Hurdis,F,29,7718.258
311,Petunia,Pilgram,F,56,39521.042
312,Hamlen,Speight,M,42,3134.308
313,Corey,Row,F,34,73232.786
314,Charissa,Decroix,F,50,47446.786
315,Sidnee,MacNucator,M,1,36604.43
316,Ingram,Dallimare,M,23,28104.083
317,Orsa,Over,F,34,23415.829
318,Jacquetta,MacCard,F,16,6413.098
319,Rees,Dundredge,M,68,71814.868
320,Whitney,Legerton,F,6,67479.331
321,Winona,Mixter,F,32,15311.62
322,Shandie,Marchington,F,79,9140.407
323,Kristyn,Koomar,F,70,82094.465
324,Donaugh,Brownlow,M,19,50663.085
325,Bobinette,Pelham,F,26,30261.544
326,Tuckie,Charnock,M,70,59646.879
327,Franchot,Yantsev,M,25,77131.266
328,Leland,Gawthorpe,F,70,82451.158
329,Kathryn,Gellion,F,41,6653.939
330,Yule,Shillaber,M,45,11707.42
331,Clayton,Dignall,M,73,13598.958
332,Erasmus,Izatson,M,64,35563.529
333,Stephanus,Haithwaite,M,30,39169.294
334,Cherilynn,McMillan,F,54,4138.061
335,Saidee,La Torre,F,77,77343.233
336,Jase,Raden,M,17,75793.149
337,Winnie,Inold,M,50,33868.477
338,Alaric,Hargrave,M,44,10773.666
339,Sapphire,Elverstone,F,14,77777.449
340,Jeffy,Segeswoeth,M,69,58063.618
341,Jarvis,Bradforth,M,80,41732.06
342,Eveline,Sawood,F,38,59832.37
343,Mimi,Clemmow,F,7,89766.499
344,Hannah,Riglar,F,17,72289.969
345,Hernando,Buchanan,M,19,70909.328
346,Eamon,Duley,M,71,69954.346
347,Kay,Moores,F,59,44811.406
348,Linoel,Olliff,M,74,61572.455
349,Mersey,Barke,F,22,74074.243
350,Evelyn,Silversmidt,F,8,22288.95
351,Kirk,Trail,M,40,16681.737
352,Bibby,Lehr,F,16,69837.502
353,Vonni,Swinburn,F,75,67810.766
354,Daffy,Vater,F,30,3202.685
355,Palmer,Gummory,M,5,79164.912
356,Abbie,De Ferrari,F,45,38560.753
357,Lisabeth,McMennum,F,21,80821.239
358,Vonny,Coghlin,F,37,78868.012
359,Yuma,Russo,M,29,87268.899
360,Gabby,Sauven,M,56,29110.288
361,Waldon,Phelipeaux,M,39,73906.861
362,Marnia,Petegre,F,29,58548.176
363,Lita,Cockrill,F,8,69610.115
364,Billi,Hourigan,F,60,32673.733
365,Jenni,Northrop,F,24,87270.974
366,Ole,Threlfall,M,41,56611.94
367,Dusty,Ottewell,F,51,63186.386
368,Noelle,Wardhaugh,F,32,66147.856
369,Raffaello,Brimmacombe,M,70,33215.635
370,Abagail,Stemson,F,65,37172.878
371,Anne,Wisden,F,66,19775.933
372,Sonny,Leglise,M,23,16072.718
373,Candace,Rudeforth,F,75,7160.381
374,Packston,Wapples,M,36,28313.425
375,Galven,Pugh,M,79,42375.656
376,Zsa zsa,Tegler,F,12,28904.861
377,Riannon,Fatharly,F,1,67792.238
378,Zandra,Mantha,F,7,24677.192
379,Maryrose,Tombling,F,54,52363.957
380,Devin,Gully,M,15,83438.142
381,Kim,Skechley,M,24,61699.658
382,Liv,Woodson,F,7,86267.621
383,Darby,Campana,M,42,24844.799
384,Randi,Nuttall,F,74,25532.034
385,Gratiana,MacKaig,F,52,15786.418
386,Ardenia,Wavell,F,11,11459.191
387,Walden,Foat,M,66,81123.326
388,Sybila,Solon,F,23,37002.374
389,Fredra,Eadie,F,32,65187.882
390,Humphrey,Costy,M,30,6123.178
391,Dunstan,Baythrop,M,36,34110.213
392,Jennica,Hadcock,F,79,59262.165
393,Kimberlee,Mattersley,F,52,3243.735
394,Baillie,Kernar,M,8,32957.451
395,Washington,Hawton,M,47,16014.389
396,Sheela,Breton,F,68,20771.522
397,Georgetta,Phinnis,F,39,84831.419
398,Kincaid,Shave,M,32,20879.879
399,Brigid,Dadge,F,7,9753.799
400,Haily,Caton,F,22,37223.84
401,Suzette,Shevels,F,78,15935.645
402,Weber,Goodswen,M,1,83712.002
403,Garek,Puttan,M,12,79627.313
404,Allene,Mackness,F,50,6730.48
405,Henryetta,McLinden,F,19,65105.973
406,Beverlee,Halsted,F,53,17365.441
407,Britney,Wellan,F,46,68771.681
408,Thedrick,Lowis,M,21,55620.138
409,Harri,McKee,F,41,40000.391
410,Paloma,Darmody,F,68,38673.9
411,Sanford,Lavers,M,4,70903.446
412,Kasper,Rose,M,1,68048.392
413,Milty,Troyes,M,62,47401.306
414,Lucy,Bouette,F,35,27805.279
415,Chanda,Lucian,F,76,28911.221
416,Blondy,Nolda,F,68,50042.228
417,Brander,D'Aubney,M,6,2746.353
418,Rayner,Dessent,M,40,29517.813
419,Chuck,Cadagan,M,3,14651.747
420,Gino,Metcalf,M,7,19685.005
421,Ogdon,Limpenny,M,75,20476.353
422,Nealson,Exeter,M,36,36243.274
423,Cristabel,Gawne,F,6,13728.978
424,Irena,Reay,F,73,60038.427
425,Urbanus,Laimable,M,13,18824.531
426,Flynn,Mc Carrick,M,10,1021.299
427,Roobbie,McWhan,F,57,77997.078
428,Sandra,McAllister,F,56,50104.719
429,Lauritz,Cheyenne,M,28,14678.963
430,Fraser,Halfacree,M,72,1814.674
431,Melony,Sanpher,F,43,41602.199
432,Shela,Sandells,F,16,87326.952
433,Roanne,Gashion,F,67,55014.085
434,Vittoria,Kingsnode,F,70,64563.667
435,Keary,Gillino,M,20,61719.721
436,Evan,Demeza,M,9,49897.353
437,Langsdon,End,M,60,27317.939
438,Cyrus,Winscomb,M,9,38624.531
439,Alissa,Bartholomew,F,69,54394.829
440,Dale,O'Lennachain,M,22,11168.006
441,Shelba,Metzel,F,63,19118.514
442,Hughie,Beazley,M,3,57561.944
443,Konrad,Thecham,M,78,68053.381
444,Marlow,Simonyi,M,16,33148.811
445,Merla,Earwicker,F,42,69545.673
446,Benedicto,Kinvan,M,53,7513.104
447,Aurelea,Spelman,F,9,62594.631
448,Irving,Deerness,M,71,15853.281
449,Mateo,Luard,M,69,80649.309
450,Heindrick,Derrell,M,70,14032.852
451,Corette,Bedinn,F,49,30387.767
452,Jaymie,McGettigan,M,74,49124.48
453,Hilly,Tawse,M,27,48607.499
454,Clo,Castano,F,12,3815.988
455,Harrison,Scales,M,37,8309.464
456,Tan,Pykerman,M,36,81453.301
457,Quillan,Tolotti,M,37,19920.746
458,Nicol,Lailey,F,27,16328.126
459,Timoteo,Norvell,M,42,69072.568
460,Mollie,Dametti,F,14,61597.444
461,Erin,Basili,F,1,22800.66
462,Natty,Thridgould,F,25,54207.723
463,Gerda,MacMearty,F,79,29010.891
464,Kare,Cardew,F,41,78927.88
465,Dunn,Dallaway,M,27,80022.437
466,Cob,Grimsley,M,67,77016.384
467,Janeen,McBeth,F,50,58077.884
468,Euell,Marran,M,1,63932.167
469,Correy,Minifie,M,74,87921.469
470,Rafaelia,Poxton,F,68,51649.392
471,Pippo,Haucke,M,46,37439.027
472,Willetta,Booty,F,54,73314.515
473,Etienne,MacVay,M,22,79475.498
474,Lukas,Mattiello,M,35,49862.143
475,Gabbi,McAuslene,F,78,21863.978
476,Layton,Ladd,M,64,72638.246
477,Joellyn,Douthwaite,F,14,70464.4
478,Kristo,Boich,M,42,18294.073
479,Daven,Battleson,M,25,58975.078
480,Alphonso,Weymouth,M,52,19497.331
481,Atlanta,Ludlow,F,63,72109.923
482,Wilburt,Lemery,M,13,39668.385
483,Elton,Hemmingway,M,56,45766.288
484,Dion,Whimpenny,F,30,86659.372
485,Bradley,Abelevitz,M,77,17092.094
486,Pearce,Drieu,M,15,35123.155
487,Colan,Steer,M,77,60317.922
488,Milty,Mumbray,M,41,8887.141
489,Claudina,Hearne,F,18,68485.789
490,Charlean,Matyas,F,14,80638.836
491,Leonidas,Denkel,M,11,25908.425
492,Anton,Zelland,M,21,85745.404
493,Rurik,Skylett,M,26,4360.224
494,Ashlin,McGlone,M,22,65863.987
495,Adrian,Pierson,M,7,8808.294
496,Georges,Learmonth,M,20,50508.937
497,Onfre,Petriello,M,46,88677.375
498,Binny,Ackers,F,25,47381.733
499,Stefano,McKague,M,24,21780.938
500,Gaile,Genner,M,37,57599.687
501,Hadleigh,Paskins,M,32,48181.813
502,Lindsay,Caverhill,F,53,8652.514
503,Janenna,Mungan,F,43,12515.618
504,Lindsay,Ionnidis,F,26,64609.384
505,Karlee,Auton,F,26,40669.757
506,Pearline,Shillum,F,34,19187.492
507,Filbert,Farguhar,M,47,17445.747
508,Barnabas,Langridge,M,51,29101.963
509,Boony,Byrnes,M,43,2647.932
510,Tristan,Crick,M,55,71690.547
511,Norry,Steers,F,26,33481.703
512,Jonah,Wellington,M,16,9290.187
513,Tobiah,Akhurst,M,35,78946.439
514,Melody,Marston,F,46,5456.893
515,Ward,Schollar,M,76,46373.328
516,Fonz,Hylton,M,20,20742.418
517,Tuckie,Bulbeck,M,77,47893.507
518,Roarke,Morsey,M,6,16469.655
519,Cullin,Birtwhistle,M,32,39778.688
520,Marwin,Stidson,M,9,35067.181
521,Avery,Tudhope,M,33,12250.324
522,Lissa,Yukhnev,F,56,46523.568
523,Fairleigh,Spilling,M,69,10046.521
524,Petronille,Speek,F,59,30349.911
525,Babs,Barrat,F,61,63926.428
526,Eadie,Willoughley,F,20,47878.13
527,Hedwiga,Affuso,F,31,46608.648
528,Mikey,Faires,M,35,79712.523
529,Jaime,Cammiemile,M,64,1588.612
530,Kippy,Tousy,M,39,36045.852
531,Eula,Simoncini,F,20,43924.499
532,Rogerio,Godley,M,66,7189.785
533,Marcy,Habishaw,F,77,80057.035
534,Fanni,Hammor,F,9,87036.499
535,Haskell,Hennemann,M,57,8902.474
536,Toddy,Dongall,M,20,48389.842
537,Natalie,Chippindall,F,17,50869.478
538,Myca,Peppard,M,64,42097.456
539,Georgina,Mushett,F,70,43179.515
540,Morey,Chevalier,M,36,1502.071
541,Sibyl,Rixon,M,72,78413.325
542,Gaby,MacGregor,F,78,56093.319
543,Jill,Guare,F,3,8539.128
544,Jorge,Wybern,M,35,88840.461
545,Baxie,Tomovic,M,66,39041.62
546,Griffin,MacNalley,M,23,60206.495
547,Sarajane,Aslett,F,19,39471.761
548,Isahella,Sheepy,F,32,39748.037
549,Katie,Bartod,F,74,18904.792
550,Waite,Dillistone,M,2,58888.764
551,Farrand,Kliesl,F,11,29078.857
552,Jecho,Shillabeare,M,55,69506.0
553,Elysee,Benoiton,F,13,33799.311
554,Emera,Ricson,F,75,41869.178
555,Jedidiah,Mara,M,80,42033.204
556,Chico,Van Haeften,M,20,76556.827
557,Galvin,Starmont,M,21,66533.594
558,Corny,Barette,M,35,86697.378
559,Kailey,Fielding,F,13,79363.71
560,Vincents,Mothersdale,M,64,18693.909
561,Shamus,Iacovazzi,M,66,71738.199
562,Miles,Ottery,M,79,58413.166
563,Holmes,Barnwill,M,79,67942.834
564,Niel,Sollars,M,41,38399.11
565,Annie,Martonfi,F,67,43122.107
566,Geoff,Weatherburn,M,10,84725.273
567,Geralda,Garett,F,46,75208.577
568,Aylmer,Blasio,M,55,18194.56
569,Federica,Wedmore.,F,62,50614.8
570,Gayel,Bertouloume,F,55,22226.223
571,Georas,Berthomieu,M,54,42862.927
572,Lusa,Kilfeather,F,43,65094.516
573,Roldan,Toping,M,9,36884.253
574,Gwyn,Brookhouse,F,2,20337.965
575,Rosemarie,Dutnell,F,65,77674.673
576,Chan,Horley,M,4,57195.285
577,Dorothea,McCaughen,F,13,80175.852
578,Olva,Turner,F,28,67970.226
579,Therine,Jedrzej,F,10,63049.526
580,Melvyn,Cool,M,14,13706.528
581,Jorry,Carwithan,F,66,68967.633
582,Leela,Scoterbosh,F,20,32597.522
583,Iris,Szymonwicz,F,33,47663.725
584,Mattias,Rowet,M,18,50749.947
585,Lethia,Vasilchikov,F,73,52108.475
586,Valencia,Hurnell,F,78,12933.373
587,Raddie,Gehrtz,M,76,30646.646
588,Darelle,Pikett,F,29,67533.41
589,Hewitt,Chamberlin,M,66,48723.678
590,Tamas,Buttriss,M,17,6919.582
591,Josephina,Clardge,F,78,23721.18
592,Humfrey,Summers,M,80,29017.727
593,Jarred,Ingre,M,2,41163.21
594,Mabelle,Greer,F,23,6857.307
595,Nellie,Montier,F,8,1593.159
596,Tymothy,Wylder,M,21,82615.499
597,Amble,Prater,M,66,884.747
598,Rianon,Honisch,F,63,15341.179
599,Gordy,Goade,M,31,43162.209
600,Noel,Melson,M,70,42898.418
601,Tully,Amott,M,14,48068.213
602,Petr,Hark,M,80,35198.122
603,Justina,Wilcott,F,33,54515.972
604,Sibel,Chalice,F,30,75198.385
605,Guenna,Cluse,F,53,43921.178
606,Albertine,Halleybone,F,16,56413.039
607,Krysta,Feeny,F,2,62039.041
608,Adam,Ashleigh,M,8,46923.555
609,Mel,Grindell,M,17,46414.374
610,Shalne,Elwood,F,6,68290.546
611,Alla,Davioud,F,67,82514.068
612,Berti,Liddel,F,41,67449.297
613,Maurene,Files,F,42,83389.665
614,Nico,Mosedall,M,50,19775.041
615,Ekaterina,Barthropp,F,40,81352.952
616,Ralph,Queste,M,48,55977.822
617,Marigold,Priestner,F,11,39783.755
618,Karon,Hawes,F,44,84907.715
619,Trixi,Kenny,F,69,57927.743
620,Betsy,Lovekin,F,53,55016.186
621,Pattie,Lewknor,F,47,74675.623
622,Holli,Bulfield,F,25,25761.164
623,Karylin,De La Haye,F,1,40612.346
624,Carri,Florentine,F,59,38860.726
625,Merwin,Hellin,M,20,64455.374
626,Bogey,Beckinsale,M,15,32497.542
627,Lindy,Broadis,F,69,29246.384
628,Izzy,Jizhaki,M,73,74848.322
629,Vivie,Duchant,F,62,25198.003
630,Wini,Graddon,F,47,88003.579
631,Elenore,Antoshin,F,54,70963.218
632,Jasmina,Yard,F,17,56091.734
633,Geoff,Pester,M,36,17067.365
634,Billi,Bitten,F,78,21727.293
635,Stirling,Battell,M,54,1860.992
636,Pietrek,Ciobutaro,M,30,13424.795
637,Si,Harland,M,13,74550.214
638,Wright,Dulinty,M,25,76210.433
639,Fraze,Alcott,M,3,1064.734
640,Catlin,Sture,F,68,35790.6
641,Kevina,Donner,F,67,27914.168
642,Thibaut,MacRory,M,5,25680.55
643,Amelia,Taaffe,F,52,44032.574
644,Brittaney,Pepon,F,78,39333.796
645,Hardy,Dittson,M,55,27295.984
646,Britni,Copsey,F,52,78459.239
647,Tulley,Rameaux,M,8,56150.099
648,Daveta,Caze,F,27,28184.773
649,Tremaine,Wigginton,M,42,16470.262
650,Angeline,Hellyar,F,80,16160.371
651,Marie-ann,Atwood,F,78,43838.018
652,Pierson,Stinton,M,80,69544.581
653,Rozamond,Streetley,F,26,70288.08
654,Kendell,Nasey,M,60,52167.292
655,Arabela,McGonigle,F,27,15725.831
656,Lindsay,Davidwitz,F,55,22852.323
657,Stephanus,Eagan,M,67,1149.48
658,Finlay,Metzel,M,65,74750.965
659,Krishna,Snodden,M,24,65798.565
660,Nikola,Pennyman,M,38,70830.132
661,Jacobo,Beaby,M,56,65162.1
662,Aymer,Mehmet,M,28,56944.05
663,Misha,Grishin,F,79,5695.215
664,Gray,Le Brun,F,13,63257.317
665,Nial,Winch,M,32,21309.001
666,Staford,Wasylkiewicz,M,77,60601.54
667,Maureen,Rive,F,48,44294.399
668,Clyde,McVitie,M,10,24116.734
669,Urbano,Axelbey,M,18,70189.184
670,Arlee,Thickpenny,F,26,48088.448
671,Pete,McIver,M,80,27117.472
672,Aarika,Lock,F,79,86786.272
673,Philippine,Oliffe,F,77,11800.209
674,Margeaux,Germann,F,52,74815.434
675,Mordy,Andrez,M,49,49627.675
676,Emlyn,Alder,M,58,79785.41
677,Marissa,Gosnoll,F,55,34599.026
678,Jackelyn,Primrose,F,6,62256.633
679,Cherilynn,Lober,F,24,52412.505
680,Katine,Jean,F,71,1571.356
681,Grover,O' Mullane,M,54,74509.466
682,Gale,Howse,F,27,13232.502
683,Salomon,Sheldrick,M,26,43483.782
684,Nanon,Rickell,F,7,5461.092
685,Dreddy,Oventon,F,55,46948.772
686,Ellis,Doll,M,50,62327.556
687,Maribelle,Girardez,F,51,55431.86
688,Louisette,Escoffier,F,6,36986.194
689,Bordy,Bentjens,M,53,77638.065
690,Bianka,Cogar,F,60,59931.547
691,Veriee,Dechelette,F,59,54435.857
692,Brewer,Geldeford,M,9,7731.787
693,Dode,Blincow,F,23,12840.257
694,Red,Sinnock,M,5,3638.189
695,Kai,Warland,F,80,59231.314
696,Giffard,Van Saltsberg,M,54,75907.246
697,Morganne,Wilkennson,F,74,569.654
698,Alexandros,Brekonridge,M,6,32079.292
699,Batholomew,Rowswell,M,21,26659.798
700,Georgeta,Lenglet,F,36,50469.11
701,Alva,Bengefield,M,41,34652.208
702,Modesty,Casham,F,7,42075.169
703,Griselda,Sawyer,F,38,59534.779
704,Dell,Damp,M,62,86357.047
705,Roth,Lund,M,64,74641.835
706,Adelice,Deesly,F,51,8386.095
707,Franny,Dyhouse,F,16,37241.742
708,Thibaut,Alonso,M,25,68687.615
709,Aloin,Whild,M,15,71891.175
710,Dell,Treby,M,32,11752.145
711,Adria,Cogar,F,66,89106.657
712,Elisa,Razoux,F,73,18731.398
713,Kaine,Bolstridge,M,77,36937.229
714,Ilsa,Loukes,F,32,2852.299
715,Ernestus,Daenen,M,71,43264.082
716,Frances,Skeech,F,16,45575.194
717,Kingsly,Jarlmann,M,17,22258.446
718,Valli,Roostan,F,65,28096.682
719,Wallas,Marran,M,40,26090.24
720,Vick,Brum,M,45,42258.655
721,Melba,Mattevi,F,56,81007.757
722,Belle,Brabbs,F,21,48543.985
723,Daniella,Moroney,F,39,6018.631
724,Rabbi,Gillespey,M,10,31333.646
725,Wynnie,Conaboy,F,73,8301.162
726,Tedd,Skim,M,14,67426.983
727,Norrie,Higgan,F,1,3063.747
728,Torry,Diack,M,43,24470.556
729,Ches,Lukesch,M,34,55192.123
730,Ira,MacCardle,M,9,74439.527
731,Christye,Culy,F,54,57955.478
732,Floris,Haton,F,32,49390.473
733,Susanna,Vanes,F,38,27638.466
734,Kaleb,Heephy,M,39,77070.477
735,Zared,Siburn,M,80,68543.825
736,Vladamir,Normansell,M,65,67063.182
737,Merrily,Goodisson,F,24,36584.268
738,Coleen,Drummer,F,43,74138.196
739,Joelie,Hance,F,29,14864.541
740,Tobit,Bilyard,M,9,3192.636
741,Cory,Bascombe,M,44,42814.841
742,Corby,Ebenezer,M,58,61114.932
743,Prince,Shapcote,M,77,30383.598
744,Ansley,Hortop,F,12,18555.02
745,Vivie,Obell,F,61,65633.355
746,Erasmus,Gladbach,M,63,56853.192
747,Rickard,Renad,M,24,59202.721
748,Natalya,Simnor,F,17,37291.634
749,Noellyn,Stoacley,F,29,45276.417
750,Sandy,Sigge,F,31,46701.633
751,Alyson,Horley,F,42,41138.077
752,Delphinia,Dimmack,F,44,85932.851
753,Bruce,Meach,M,80,38472.737
754,Emmy,Youhill,M,1,79577.238
755,Bentley,Colbertson,M,19,59148.128
756,Rupert,Filtness,M,35,78852.154
757,Emory,Yerlett,M,55,46151.567
758,Horacio,Blunkett,M,22,18060.079
759,Joey,Naris,F,52,53233.7
760,Kipper,Semon,M,52,88835.032
761,Darnall,Rosenzveig,M,13,63511.624
762,Faye,Burris,F,7,43892.501
763,Hort,L'Episcopio,M,69,82807.851
764,Amberly,Slimming,F,77,38573.196
765,Terrye,Cumbes,F,10,10175.224
766,Audi,Quarles,F,22,9465.157
767,Kathe,McNevin,F,10,52431.748
768,Shea,Seddon,F,42,75705.183
769,Luelle,Pinilla,F,38,84645.831
770,Mohandis,Westnage,M,71,48119.447
771,Karel,Conroy,F,66,2535.894
772,Kylie,Hegden,F,77,56765.626
773,Drona,Esch,F,19,78249.935
774,Quinton,Wix,M,66,52660.645
775,Rivalee,Bigley,F,6,88882.06
776,Marisa,McLaine,F,12,10868.09
777,Ado,Shippard,M,16,67452.801
778,Creight,Halsted,M,63,71727.685
779,Yevette,Wilcox,F,64,34990.839
780,Stillmann,Smurfit,M,6,65728.986
781,Carleen,Braney,F,10,48049.458
782,Jania,Bannell,F,36,70817.262
783,Gerti,Zmitrichenko,F,43,13068.796
784,Valeria,Thewys,F,31,19961.118
785,Dean,Giovanni,M,52,6015.165
786,Pattin,Tompkins,M,73,16219.787
787,Lianne,Malkin,F,42,79957.527
788,Fionnula,Castell,F,7,39027.194
789,Gayle,Draysay,F,61,53046.478
790,Luelle,Beaston,F,1,49019.26
791,Jacenta,Showt,F,57,18124.488
792,Nola,Escofier,F,39,4456.928
793,Kikelia,Fevers,F,7,40960.708
794,Mitchael,Hush,M,20,14665.354
795,Antons,Deftie,M,14,69098.447
796,Erminie,Assender,F,7,798.85
797,Henriette,Healy,F,73,29343.65
798,Justin,Foch,M,63,374.923
799,Major,Grindrod,M,19,78874.906
800,Maggy,Cappell,F,23,35736.951
801,Wynn,Agass,F,58,20483.787
802,Diahann,Just,F,48,5829.742
803,Bernadette,Snazel,F,51,64302.405
804,Roley,Egdal,M,45,82723.211
805,Cletus,Tucker,M,69,69384.329
806,Virgilio,Astman,M,79,30452.959
807,Sydney,Tickel,M,6,66632.122
808,Licha,Filinkov,F,16,77839.657
809,Garald,Ostrich,M,9,75043.837
810,Christian,Bertomeu,M,64,5474.138
811,Angelita,Helleckas,F,52,373.569
812,Ruben,Patterfield,M,15,69874.396
813,Horatia,Dowsing,F,71,42627.91
814,Thomasina,Metterick,F,71,29552.209
815,Horton,Yesson,M,63,80774.748
816,Veradis,Creaney,F,34,19662.06
817,Holt,McGarrell,M,15,39815.416
818,Brion,Hanway,M,19,39218.466
819,Blane,Gawkes,M,70,7824.023
820,Raquel,Thews,F,64,45047.173
821,Enid,DelaField,F,62,32351.48
822,Pasquale,Bromby,M,45,5314.756
823,Goraud,Maingot,M,67,9317.503
824,Jolene,Clemmett,F,7,87226.48
825,Georgianna,Bigmore,F,77,50212.642
826,Gilda,Dunbabin,F,17,24859.842
827,Killy,Ghent,M,78,38929.413
828,Andros,Cadwallader,M,29,227.992
829,Xaviera,Stanyforth,F,9,26640.525
830,Philip,McSharry,M,26,27045.98
831,Cole,Fenwick,M,45,73049.749
832,Chiquita,Skivington,F,12,47218.452
833,Teodor,Beneix,M,19,1401.617
834,Gannon,Zaple,M,58,82278.0
835,Devlen,Evetts,M,53,86784.171
836,Linea,Muirhead,F,74,20317.312
837,Carolus,Waltering,M,66,78777.878
838,Antonietta,Ellwell,F,50,46579.007
839,Skylar,MacAllan,M,10,52178.721
840,Merilee,Senter,F,71,37569.993
841,Evyn,Lindermann,M,58,10739.411
842,Carolin,Waterhouse,F,11,59672.971
843,Bob,Huertas,M,52,56626.373
844,Clevie,McKendo,M,24,63547.465
845,Adora,Venard,F,17,80134.967
846,Pooh,Spalton,F,48,82327.034
847,Ophelie,Pariss,F,74,15225.862
848,Arabela,L'argent,F,5,49658.336
849,Welsh,Dionisi,M,10,49114.244
850,Rebeca,Gaenor,F,8,88827.431
851,Lina,Elford,F,34,64969.379
852,Louise,Swafield,F,56,25127.725
853,Moyna,Biasioli,F,62,14366.407
854,Augustina,Hadcroft,F,35,50050.726
855,Delmor,Krochmann,M,47,12062.504
856,Felecia,Wrout,F,11,12047.99
857,Ingeberg,Dany,F,35,52753.28
858,Ahmad,Cuffe,M,64,57612.456
859,Konrad,Fratczak,M,15,80715.556
860,Ilyse,Humberstone,F,2,53766.163
861,Pietrek,Maffeo,M,49,85193.868
862,Kelly,Meates,F,65,10895.245
863,Chaunce,Kauschke,M,57,67724.948
864,Keely,Niezen,F,8,1632.283
865,Prissie,Keller,F,32,9648.689
866,Gilli,Longthorne,F,23,49859.681
867,Sky,Goare,M,36,63845.943
868,Carline,Gillyatt,F,72,33230.432
869,Rudolph,Paddell,M,67,62446.299
870,Eben,Card,M,76,50607.575
871,Jayme,Chiene,M,54,7468.5
872,Petra,McCalister,F,42,50663.218
873,Merry,Klambt,M,40,10723.943
874,Farleigh,Serridge,M,74,78905.401
875,Stefano,Fann,M,54,60074.932
876,Selena,Guiraud,F,71,27541.826
877,Noam,Thynne,M,25,25625.675
878,Kyrstin,Tallboy,F,51,32021.083
879,Luce,Nickoles,F,42,33929.495
880,Marcelia,Clift,F,72,77728.745
881,Andros,Ranns,M,53,23042.252
882,Simmonds,Hellyar,M,47,17940.471
883,Dorey,Noirel,M,7,14073.16
884,Kacy,Chanter,F,34,43503.37
885,Zack,Burnside,M,61,87311.185
886,Jamima,Greenard,F,14,12673.672
887,Larry,Thick,M,12,22400.393
888,Virgilio,Ludlam,M,39,50096.742
889,Byrom,Hooban,M,62,79063.74
890,Margarete,Jakubovics,F,28,42246.664
891,Blondelle,Morehall,F,78,30830.366
892,Kit,Marley,M,45,12720.059
893,Dennis,Longstaffe,M,26,47954.185
894,Neile,Bavister,F,23,70530.372
895,Pattin,Ellse,M,67,22688.445
896,Tessy,Clawson,F,13,89750.415
897,Nert,Hughlock,F,35,64749.202
898,Sephira,Rupke,F,79,70128.362
899,Alastair,Twopenny,M,19,68168.024
900,Neille,Doul,F,19,19623.562
901,Janeczka,Stoneley,F,44,28812.663
902,Zechariah,Simcock,M,40,78699.955
903,Guntar,Bryenton,M,8,68844.548
904,Abbye,Mulqueen,F,30,35414.06
905,Guinevere,Hayter,F,55,42668.706
906,Lari,Wildgoose,F,32,37389.462
907,Breena,Bolens,F,47,59323.572
908,Germain,Buttfield,F,42,5403.454
909,Adrea,Soars,F,1,43445.701
910,Oswell,Ashmole,M,26,43979.602
911,Karlee,Beatson,F,55,70373.0
912,Reinaldos,Szymczyk,M,72,71043.372
913,Else,Checcuzzi,F,80,81905.755
914,Vale,Yakebovitch,F,74,18410.193
915,Bobbee,Abbe,F,69,62633.206
916,Shoshana,Arnatt,F,16,60976.471
917,Chrysler,Knights,F,44,62447.155
918,Stephannie,Ethridge,F,69,82630.559
919,Johnathon,McGhie,M,39,8989.551
920,Hubie,Bale,M,39,22814.929
921,Junina,Emsley,F,1,23894.124
922,Alick,Lasseter,M,21,73667.543
923,Chan,Siret,M,61,18750.345
924,Becky,Matisse,F,56,2469.678
925,Ives,Behrendsen,M,27,47651.41
926,Ignatius,Pegg,M,17,40107.675
927,Arlan,Groomebridge,M,48,29338.589
928,Fidole,Hoston,M,51,22569.939
929,Larry,Spellissy,M,1,977.677
930,Rufe,Manhood,M,15,43795.579
931,Nike,Nower,F,20,77138.969
932,Abra,O'Beirne,F,45,8866.787
933,Crissie,Goldsmith,F,19,88729.399
934,Kinsley,Bedburrow,M,63,85521.083
935,Janey,Flaws,F,44,85511.879
936,Lilian,Samett,F,5,47773.42
937,Wash,Attenborrow,M,15,20825.428
938,Moll,Fortoun,F,5,87803.25
939,Adey,Jansens,F,26,82078.273
940,Sibel,Brychan,F,3,46392.883
941,Salem,Suddick,M,50,50840.146
942,Harald,Behning,M,42,51006.969
943,Cicely,Bearne,F,42,66855.257
944,Duffy,Nattrass,M,40,82872.946
945,Rollins,Broodes,M,68,16956.103
946,Deborah,Vowden,F,78,67908.674
947,Sawyer,Kilfedder,M,11,49179.242
948,Osborne,Langfield,M,40,61182.593
949,Alexio,Harrowsmith,M,25,44397.065
950,Katalin,Court,F,59,29282.131
951,Tessy,Aldous,F,75,46150.713
952,Mimi,Prendiville,F,24,1246.47
953,Paxon,Penfold,M,7,50866.298
954,Allayne,Demanche,M,32,74437.703
955,Rabbi,Wyke,M,2,19840.72
956,Liane,Noel,F,46,44464.806
957,Anjela,Haacker,F,16,17810.393
958,Alta,Poyner,F,71,44359.898
959,Arleen,Vernau,F,11,71004.453
960,Rosetta,Koenen,F,61,54087.65
961,Maddy,Gierke,F,37,34979.354
962,Banky,Swetman,M,45,19689.272
963,Donia,Pelosi,F,73,62397.871
964,Garwood,Rein,M,11,49479.53
965,Carola,Peasey,F,34,84373.426
966,Tully,Mesant,M,29,89615.442
967,Florance,Ackwood,F,57,39452.448
968,Edy,Cabrer,F,69,6710.395
969,Susi,Overpool,F,8,2751.208
970,Aldrich,Van Castele,M,15,24974.238
971,Brnaby,Lanham,M,79,8382.471
972,Jules,Carr,M,79,59063.005
973,Sheffie,Van Giffen,M,54,31006.892
974,Arlene,Ferretti,F,29,79159.118
975,Sandy,Lowers,M,64,26408.339
976,Humbert,Dumbarton,M,43,64831.873
977,Marga,Gauvin,F,37,31443.463
978,Kain,Burdell,M,73,53866.782
979,Skippy,Lunt,M,16,116.676
980,Rosalinda,Fabbro,F,57,54571.519
981,Oberon,Vicar,M,58,77759.822
982,Miquela,Beardwell,F,8,70281.699
983,Dorine,Carwithan,F,33,11068.839
984,Brien,Eltone,M,28,53390.865
985,Antonia,Hoxey,F,74,82188.365
986,Lauralee,Ambroziak,F,13,39025.562
987,Moina,Dzenisenka,F,41,46142.701
988,Ephrem,Volker,M,58,1655.866
989,Earvin,Panter,M,48,64980.862
990,Brittani,Antosik,F,6,79164.833
991,Alexia,Zelland,F,5,89517.904
992,Dre,Lettington,F,36,2026.443
993,Cullin,Rusbridge,M,16,35309.826
994,Gibbie,Amyes,M,28,84728.135
995,Hillard,Paeckmeyer,M,41,4325.848
996,Gibbie,Statersfield,M,66,69796.134
997,Eirena,Merrisson,F,51,76642.203
998,Chane,Vergine,M,17,55495.258
999,Engelbert,Tumelty,M,65,18297.95
1000,Amandy,Ayton,F,27,18188.026
